id,category,name,description,price,veg,available,image,option_label,option_choices
ctl_782849652,Seasonal,London Strawberry,Rich Strawberry with warm chocolates,159,Veg,No,,,
ctl_777553963,Signature Waffles,Belgian Chocolate Waffle,Decadence redefined with a signature waffle topped with premium Belgian chocolate.,129,Veg,Yes,https://b.zmtcdn.com/data/dish_photos/6a9/a1c22fb2a6a173b589728954900646a9.jpeg,Chocolate,Dark|White|Milk
ctl_777553964,Signature Waffles,Biscoff Royal Waffle,A treat fit for royalty with smooth Biscoff spread on a waffle.,169,Veg,Yes,https://b.zmtcdn.com/data/dish_photos/d8a/0067476e23e3705799ea18f62cb5ed8a.jpeg,,
ctl_777553965,Signature Waffles,Black White Delight Waffle,Harmonious flavors of black and white chocolate on a crispy waffle.,139,Veg,Yes,https://b.zmtcdn.com/data/dish_photos/7ec/fc0206f0b876963617b65e27754297ec.jpeg,,
ctl_777553966,Signature Waffles,Blueberry Cream Cheese Waffle,A crisp waffle topped with luscious cream cheese and tangy blueberry drizzle.,119,Veg,Yes,https://b.zmtcdn.com/data/dish_photos/e6f/94780aec9a1aee0061d05f8181ae3e6f.jpeg,,
ctl_777553967,Signature Waffles,Brownie Bliss With Almonds Waffle,A rich brownie and almond topping on a crispy waffle.,179,Veg,Yes,https://b.zmtcdn.com/data/dish_photos/c3d/9827ec94badd7f190ce0f81188c6ec3d.jpeg,,
ctl_777553968,Signature Waffles,Bubblegum Fantasy Waffle,A whimsical bubblegum-flavored waffle creation.,129,Veg,Yes,https://b.zmtcdn.com/data/dish_photos/c5a/143564ecf505d2f1311d2ff96af00c5a.jpeg,,
ctl_777553969,Signature Waffles,Buttery Maple Bliss Waffle,"A warm, golden waffle paired with the timeless combo of butter and maple syrup.",99,Veg,Yes,https://b.zmtcdn.com/data/dish_photos/0ed/646de9a3a0e8b6c6fd79fb32f7aba0ed.jpeg,,
ctl_777553970,Signature Waffles,Chocolate Overload Waffle,A chocoholic's dream waffle with intense chocolate flavors.,139,Veg,Yes,https://b.zmtcdn.com/data/dish_photos/d1f/7007d47cfd897948674fbc61622acd1f.jpeg,Chocolate,Dark|Milk
ctl_777553971,Signature Waffles,Coffee Mocha Crisps Waffle,Experience mocha bliss with this coffee-flavored waffle creation.,129,Veg,Yes,https://b.zmtcdn.com/data/dish_photos/411/38c4f8299bda17830663d38173d7a411.jpeg,,
ctl_777553972,Signature Waffles,Hazelnut Heaven Nutella Waffle,Crispy waffle paired with the irresistible taste of Nutella,149,Veg,Yes,https://b.zmtcdn.com/data/dish_photos/07b/a8948c06c16b3079bd72c225efb9007b.jpeg,,
ctl_777553973,Signature Waffles,Honey Butter Waffle,A crispy waffle infused with creamy butter and topped with honey for a classic indulgence.,89,Veg,Yes,,,
ctl_777553974,Signature Waffles,Kit Kat Choco Waffle,A waffle paired with KitKat iconic chocolatey crunch.,169,Veg,Yes,https://b.zmtcdn.com/data/dish_photos/1d3/ca2d6c26e4f72b6b20040674175c11d3.jpeg,,
ctl_777553975,Signature Waffles,Ocean Cookie Crunch Waffle,A gourmet waffle topped with cookies and ocean inspired accents.,139,Veg,Yes,https://b.zmtcdn.com/data/dish_photos/eb2/6390c91f50278bc8715b5fe080748eb2.jpeg,,
ctl_777553976,Signature Waffles,Rainbow Gems Crunch Waffle,,149,Veg,Yes,https://b.zmtcdn.com/data/dish_photos/422/36609334d42b5e59700c705052faa422.jpeg,,
ctl_777553977,Signature Waffles,Red And White Choco Waffle,,139,Veg,Yes,https://b.zmtcdn.com/data/dish_photos/ace/d40fc0d6acb202ecc5623a6456b8eace.jpeg,,
ctl_777553978,Signature Waffles,Red Velvet Waffle,A signature waffle dressed in vibrant red velvet glory.,139,Veg,Yes,https://b.zmtcdn.com/data/dish_photos/c1b/32d3207b5d10e3a172c0f9d6c7c27c1b.jpeg,,
ctl_777553979,Signature Waffles,Royal Kunafa Crunch Waffle,,189,Veg,Yes,https://b.zmtcdn.com/data/dish_photos/def/30b46c4dde47c877e4d8512c71939def.jpeg,,
ctl_777553980,Signature Waffles,Strawberry Cream Cheese Waffle,A signature waffle layered with cream cheese and juicy strawberry toppings.,119,Veg,Yes,https://b.zmtcdn.com/data/dish_photos/e69/94283109f0e76c1f3c9b4e68d1581e69.jpeg,,
ctl_777553981,Signature Waffles,Strawberry Swirl Waffle,A signature waffle topped with luscious strawberry swirls.,129,Veg,Yes,https://b.zmtcdn.com/data/dish_photos/95d/e36c442249ad6ca05fae1ea50d7d695d.jpeg,,
ctl_777553982,Signature Waffles,Triple Treat Choco Waffle,Three layers of chocolate magic on a signature waffle.,149,Veg,Yes,https://b.zmtcdn.com/data/dish_photos/0d3/aedf68f22c311915f8ac783d89aed0d3.jpeg,,
ctl_777553983,Signature Waffles,Walnut Wonder Waffle,Premium walnut toppings on a classic signature waffle.,169,Veg,Yes,https://b.zmtcdn.com/data/dish_photos/414/45f9b4d37a7c06ca27ac52e744559414.jpeg,,
ctl_777553984,Long Waffle Sticks,Belgian Chocolate LWS,A crisp waffle stick coated in luscious Belgian chocolate.,109,Veg,Yes,https://b.zmtcdn.com/data/dish_photos/ef8/72ddfb2e20940242945f770b104baef8.jpeg,Chocolate,Dark|White|Milk
ctl_777553985,Long Waffle Sticks,Biscoff Royal LWS,A waffle stick layered with rich Biscoff goodness.,139,Veg,Yes,https://b.zmtcdn.com/data/dish_photos/bb4/045cbcd20ca04710130ead3d9bf6fbb4.jpeg,,
ctl_777553986,Long Waffle Sticks,Black White Delight LWS,A duo of chocolates on a waffle stick for delightful bites.,119,Veg,Yes,https://b.zmtcdn.com/data/dish_photos/164/bb625ba153d81721ea29e5828763a164.jpeg,,
ctl_777553987,Long Waffle Sticks,Brownie Bliss With Almonds LWS,A waffle stick loaded with brownies and almonds.,149,Veg,Yes,https://b.zmtcdn.com/data/dish_photos/4b7/79fb3aa285f03835dcfc49a4d5d0d4b7.jpeg,,
ctl_777553988,Long Waffle Sticks,Bubblegum Fantasy LWS,A waffle stick infused with sweet bubblegum essence.,119,Veg,Yes,https://b.zmtcdn.com/data/dish_photos/215/820dc0e3083e75a69c4665a0b139c215.jpeg,,
ctl_777553989,Long Waffle Sticks,Chocolate Overload LWS,A waffle stick bursting with layers of chocolatey goodness.,119,Veg,Yes,https://b.zmtcdn.com/data/dish_photos/531/c03228769dd3bd0a76d346b725d0d531.jpeg,Chocolate,Dark|Milk
ctl_777553990,Long Waffle Sticks,Coffee Mocha Crisps LWS,A crisp waffle stick paired with a bold mocha coffee flavor.,109,Veg,Yes,https://b.zmtcdn.com/data/dish_photos/9d5/81b6435c8f52cc8e698a66a44a42c9d5.jpeg,,
ctl_777553991,Long Waffle Sticks,Hazelnut Heaven Nutella LWS,A waffle stick dipped in Nutella for a delightful nutty treat.,129,Veg,Yes,https://b.zmtcdn.com/data/dish_photos/3c6/d206641cd0ef734a845dd39f32b373c6.jpeg,,
ctl_777553992,Long Waffle Sticks,Kit Kat Choco LWS,A waffle stick studded with Kit Kat pieces for a chocolate crunch.,139,Veg,Yes,https://b.zmtcdn.com/data/dish_photos/3ee/cf88907a48e2c954477e06a2844073ee.jpeg,,
ctl_777553993,Long Waffle Sticks,Ocean Cookie Crunch LWS,A waffle stick adorned with crushed cookies and sweet ocean vibes.,129,Veg,Yes,https://b.zmtcdn.com/data/dish_photos/651/3be69c00a87f48d3264ba36faea0d651.jpeg,,
ctl_777553994,Long Waffle Sticks,Red And White Choco LWS,,119,Veg,Yes,https://b.zmtcdn.com/data/dish_photos/3e4/669e5f87719621f30daa8834a486e3e4.jpeg,,
ctl_777553995,Long Waffle Sticks,Red Velvet LWS,A waffle stick celebrating the rich taste of red velvet.,129,Veg,Yes,https://b.zmtcdn.com/data/dish_photos/131/951fb841b54a4b46ca3f318d09c3c131.jpeg,,
ctl_777553996,Long Waffle Sticks,Strawberry Swirl LWS,A waffle stick with vibrant strawberry swirls.,119,Veg,Yes,https://b.zmtcdn.com/data/dish_photos/e65/ae0b5e636f81aa7475880fce5ac17e65.jpeg,,
ctl_777553997,Long Waffle Sticks,Triple Treat Choco LWS,A triple chocolate blast on a waffle stick.,119,Veg,Yes,https://b.zmtcdn.com/data/dish_photos/c54/05af6ba12bc6745c335fbbddfab14c54.jpeg,,
ctl_777553998,Long Waffle Sticks,Walnut Wonder Waffle LWS,A waffle stick enriched with crunchy walnuts.,139,Veg,Yes,https://b.zmtcdn.com/data/dish_photos/e51/69b2c460c316ef8f1fd83871cb894e51.jpeg,,
ctl_777553999,Mini Pancakes,Belgian Chocolate MPC - 8 Pcs,"Indulge in mini pancakes drenched in rich, velvety Belgian chocolate.",109,Veg,Yes,https://b.zmtcdn.com/data/dish_photos/7f3/45f065b901033eaf7284572a548437f3.jpeg,Chocolate,Dark|White|Milk
ctl_777554000,Mini Pancakes,Biscoff Royal MPC - 8 Pcs,Luxurious Biscoff spread on mini pancakes for a royal taste.,139,Veg,Yes,https://b.zmtcdn.com/data/dish_photos/200/b5cb41e24c3d94e21c292cd5f56a8200.jpeg,,
ctl_777554001,Mini Pancakes,Black White Delight MPC - 8 Pcs,Mini pancakes that marry white and dark chocolate for a balanced treat.,119,Veg,Yes,https://b.zmtcdn.com/data/dish_photos/26e/d8b73b8ef465ffb181d6937db1edc26e.jpeg,,
ctl_777554002,Mini Pancakes,Blueberry Cream Cheese MPC - 8 Pcs,Sweet blueberries and velvety cream cheese elevate these mini pancakes to gourmet status.,99,Veg,Yes,https://b.zmtcdn.com/data/dish_photos/29c/e8bc561929efad89e43e280cc66de29c.jpeg,,
ctl_777554003,Mini Pancakes,Brownie Bliss With Almonds MPC - 8 Pcs,Mini pancakes topped with brownie chunks and crunchy almonds.,149,Veg,Yes,https://b.zmtcdn.com/data/dish_photos/21b/d3c9fbf7c653fac408c7f551dd94c21b.jpeg,,
ctl_777554004,Mini Pancakes,Bubblegum Fantasy MPC - 8 Pcs,A burst of bubblegum flavor on soft mini pancakes.,119,Veg,Yes,https://b.zmtcdn.com/data/dish_photos/6d5/255085ca5e82ea3c8cc1dee7a1d2c6d5.jpeg,,
ctl_777554005,Mini Pancakes,Buttery Maple Bliss MPC - 8 Pcs,Fluffy mini pancakes soaked in rich butter and maple syrup for a heavenly experience.,89,Veg,Yes,https://b.zmtcdn.com/data/dish_photos/cf9/ecc588b0cda4453eed8263f230d51cf9.jpeg,,
ctl_777554006,Mini Pancakes,Chocolate Overload MPC - 8 Pcs,Rich chocolate sauce poured over mini pancakes for an irresistible treat.,119,Veg,Yes,https://b.zmtcdn.com/data/dish_photos/cd8/b65cadc64554701f8991ab30bd0cbcd8.jpeg,Chocolate,Dark|Milk
ctl_777554007,Mini Pancakes,Coffee Mocha Crisps MPC - 8 Pcs,Mini pancakes infused with coffee mocha and a crispy surprise for coffee enthusiasts.,109,Veg,Yes,https://b.zmtcdn.com/data/dish_photos/868/573049155a8eab948a4fde30707d1868.jpeg,,
ctl_777554008,Mini Pancakes,Hazelnut Heaven Nutella MPC - 8 Pcs,Mini pancakes generously coated with Nutella for hazelnut lovers.,119,Veg,Yes,https://b.zmtcdn.com/data/dish_photos/b5f/3740560f565d7c9429347c38a98ecb5f.jpeg,,
ctl_777554009,Mini Pancakes,Honey Butter MPC - 8 Pcs,Sweet and buttery mini pancakes drizzled with golden honey for the perfect comforting treat.,79,Veg,Yes,https://b.zmtcdn.com/data/dish_photos/4f2/ac7af12770a4a027172583c9f5f444f2.jpeg,,
ctl_777554010,Mini Pancakes,Kit Kat Choco MPC - 8 Pcs,Mini pancakes topped with crunchy KitKat pieces and chocolate drizzle.,139,Veg,Yes,https://b.zmtcdn.com/data/dish_photos/5a3/a1acae2a8a9cced10f4f97539b6e85a3.jpeg,,
ctl_777554011,Mini Pancakes,Ocean Cookie Crunch MPC - 8 Pcs,Mini pancakes with crushed cookies and a dreamy blue theme.,119,Veg,Yes,https://b.zmtcdn.com/data/dish_photos/0c6/5c34ff012c528686e54741f142fc00c6.jpeg,,
ctl_777554012,Mini Pancakes,Red And White Choco MPC - 8 Pcs,,119,Veg,Yes,https://b.zmtcdn.com/data/dish_photos/45d/a101dfc1b857d878867c9608e91ae45d.jpeg,,
ctl_777554013,Mini Pancakes,Red Velvet MPC - 8 Pcs,Mini pancakes with the classic elegance of red velvet flavors.,129,Veg,Yes,https://b.zmtcdn.com/data/dish_photos/e85/0c904fe9c2be49843bebd3ff92ba9e85.jpeg,,
ctl_777554014,Mini Pancakes,Strawberry Cream Cheese MPC - 8 Pcs,Fresh strawberries paired with silky cream cheese on soft mini pancakes.,99,Veg,Yes,https://b.zmtcdn.com/data/dish_photos/679/fa6a1505b03cc12bb811b2f6b9f39679.jpeg,,
ctl_777554015,Mini Pancakes,Strawberry Swirl MPC - 8 Pcs,Mini pancakes topped with a sweet and fruity strawberry swirl.,119,Veg,Yes,https://b.zmtcdn.com/data/dish_photos/58c/7388677e0f8c6689734beef5ed3d958c.jpeg,,
ctl_777554016,Mini Pancakes,Triple Treat Choco MPC - 8 Pcs,Three layers of chocolate on mini pancakes for a triple indulgence.,119,Veg,Yes,https://b.zmtcdn.com/data/dish_photos/b94/335d821e4936fd93f5e02ed644b47b94.jpeg,,
ctl_777554017,Mini Pancakes,Walnut Wonder Waffle MPC - 8 Pcs,Mini pancakes garnished with walnuts for a nutty delight.,139,Veg,Yes,https://b.zmtcdn.com/data/dish_photos/f38/8c21d6fc2052fd3dd4629a26638b3f38.jpeg,,
ctl_776160869,Chill Thrill Shakes,Belgian Cocoa Crush,Satisfy your chocolate cravings with this Belgian cocoa-infused shake.,149,Veg,Yes,https://b.zmtcdn.com/data/dish_photos/2c3/aa6ea7c930d7426f9e3cb57a50fc62c3.jpeg,,
ctl_776160870,Chill Thrill Shakes,Biscoff Bliss,Dive into the velvety smoothness of Biscoff in every sip of this blissful shake.,179,Veg,Yes,https://b.zmtcdn.com/data/dish_photos/765/f4166a80fbebbac496e21d96360ee765.jpeg,,
ctl_776160871,Chill Thrill Shakes,Blue Bliss (cream N Cookies),A heavenly blend of cookies and cream with a touch of blue bliss.,149,Veg,Yes,https://b.zmtcdn.com/data/dish_photos/be1/63c3b6fe00fbd8e367e2b52039f4ebe1.jpeg,,
ctl_776160872,Chill Thrill Shakes,Bubblegum Bliss,A fun and vibrant shake bursting with bubblegum flavors.,149,Veg,Yes,https://b.zmtcdn.com/data/dish_photos/c89/d0ea4f31a5dcefc513cd751d18398c89.jpeg,,
ctl_776160873,Chill Thrill Shakes,Coffee Mocha Madness,A bold coffee mocha shake to energize your day with creamy decadence.,149,Veg,Yes,https://b.zmtcdn.com/data/dish_photos/75b/f60bf38da335b2b8c5cf40331d06475b.jpeg,,
ctl_776160874,Chill Thrill Shakes,Cold Coffee,"[Shake] The perfect pick-me-up with a chilled, creamy shake coffee twist.",95,Veg,Yes,https://b.zmtcdn.com/data/dish_photos/598/74f0138d1a22d36ba35da2221e75a598.jpeg,,
ctl_776160875,Chill Thrill Shakes,Ferrero Fantasy,A premium shake inspired by the irresistible taste of Ferrero Rocher.,179,Veg,Yes,https://b.zmtcdn.com/data/dish_photos/5e4/85a38417bb871522b38c2516a61055e4.jpeg,,
ctl_776160876,Chill Thrill Shakes,Hazelnut Dream (nutella),Indulge in the nutty richness of Nutella blended into a creamy and dreamy shake.,149,Veg,Yes,https://b.zmtcdn.com/data/dish_photos/0e5/abde0496e2231ea056f2c8c9c40440e5.jpeg,,
ctl_776160877,Chill Thrill Shakes,Kit Kat Crunch,Enjoy a delightful crunch of KitKat in this chocolatey shake treat.,179,Veg,Yes,https://b.zmtcdn.com/data/dish_photos/eb9/2883ff64727d2b9674d8c4dc7b1e2eb9.jpeg,,
ctl_776160878,Chill Thrill Shakes,Oreo Shake,Classic cookies and cream blended into a velvety Oreo shake.,149,Veg,Yes,https://b.zmtcdn.com/data/dish_photos/81a/07990d0e5642f2c44cfe7ff28e90281a.jpeg,,
ctl_776160879,Chill Thrill Shakes,Royal Brownie Bliss,Indulge in a regal shake loaded with brownie chunks and chocolate.,179,Veg,Yes,https://b.zmtcdn.com/data/dish_photos/a57/9862da9b4dbbdd1fb48fc18fbee7ba57.jpeg,,
ctl_776160880,Chill Thrill Shakes,Snickerlicious Milk Choco,A perfect mix of Snickers and milk chocolate for an energy-packed treat.,149,Veg,Yes,https://b.zmtcdn.com/data/dish_photos/001/7375f0381c414d6bbb6f813125af1001.jpeg,,
ctl_776160881,Chill Thrill Shakes,Strawberry Rush,"Fresh, fruity strawberries blended into a creamy, refreshing shake.",149,Veg,Yes,https://b.zmtcdn.com/data/dish_photos/34c/09503b2e6ba3c505ea45326f77b0034c.jpeg,,
ctl_776160882,Chill Thrill Shakes,Velvet Indulgence (red Velvet),"Luxuriate in the silky, sweet flavor of red velvet in a rich shake.",149,Veg,Yes,https://b.zmtcdn.com/data/dish_photos/267/dac59cf9e574ab47bddada8c6a549267.jpeg,,
ctl_782849622,Royal Brownie Bowls,Belgian Choco Bowl,,99,Veg,Yes,,Chocolate,Dark
ctl_782849623,Royal Brownie Bowls,Choco Chips Bowl,,119,Veg,Yes,,,
ctl_782849624,Royal Brownie Bowls,Rainbow Gems Choco Bowl,,119,Veg,Yes,,,
ctl_782849625,Royal Brownie Bowls,Milk Choco Bowl,,129,Veg,Yes,,,
ctl_782849626,Royal Brownie Bowls,White Choco Bowl,,139,Veg,Yes,,,
ctl_782849627,Royal Brownie Bowls,Triple Treat Choco Bowl,,149,Veg,Yes,,,
ctl_782849620,Royal Brownie Bowls,Oreo Dream Bowl,,159,Veg,Yes,,,
ctl_782849619,Royal Brownie Bowls,Nutty Royal Bowl,,159,Veg,Yes,https://b.zmtcdn.com/data/dish_photos/88e/99cbd0871068e349b1914b98f81bc88e.jpeg,,
ctl_782849628,Royal Brownie Bowls,Hazelnut Nuttela Bowl,,169,Veg,Yes,,,
ctl_782849618,Royal Brownie Bowls,Kitkat Crunch Bowl,,179,Veg,Yes,https://b.zmtcdn.com/data/dish_photos/5f7/a73caf95863bed91d973b4f4372755f7.jpeg,,
ctl_782849621,Royal Brownie Bowls,The Biscoff Royal Bowl,,199,Veg,Yes,https://b.zmtcdn.com/data/dish_photos/158/b728e4b7e3d55661c999f2144a991158.jpeg,,
ctl_782849629,Royal Brownie Bowls,Royal Kunafa Bowl,,199,Veg,Yes,,,
ctl_782849630,Royal Brownie Bowls,Ferrero Rock Bowl,,249,Veg,Yes,,,
ctl_782849634,Mini Treat,Dark Choco,,0,Veg,Yes,,,Mini Pancake (4 Pcs): 59|Waffle Candy:59
ctl_782849635,Mini Treat,Milk Choco,,0,Veg,Yes,,,Mini Pancake (4 Pcs): 59|Waffle Candy:59
ctl_782849636,Mini Treat,White Choco,,0,Veg,Yes,,,Mini Pancake (4 Pcs): 59|Waffle Candy:59
ctl_776160884,Mini Waffles - Pack Of 4,Mini Waffles - Assorted Pack Of 4,"A mix of four mini waffles, each in a unique and delightful flavor, perfect for variety lovers.",259,Veg,Yes,https://b.zmtcdn.com/data/dish_photos/ea6/669ff4375a95df602f4f0e57b232bea6.jpeg,,
ctl_776160883,Mini Waffles - Pack Of 4,Mini Waffles - Chocolate Pack Of 4,"Indulge in [four pieces] of chocolate-flavored mini waffles, perfect for chocoholics.",279,Veg,Yes,https://b.zmtcdn.com/data/dish_photos/eaa/a51216b78f29733816069f47edaebeaa.jpeg,,
ctl_782849631,Ice Cream Waff-Wich,Classic Vanilla Choco,"Vanilla Base, Milk Choco, Vanila Chocolate Ice Cream",169,Veg,Yes,,,
ctl_782849632,Ice Cream Waff-Wich,Royal Biscoff Kitkat,"Red Velvel Base, White Choco, Kitkat, Biscoff, Oreo, Vanilla Ice Cream",189,Veg,Yes,,,
ctl_782849633,Ice Cream Waff-Wich,RoyalRocky Roads,"Chocolate Base, Milk Choco, Almonds, Oreo, Vanilla Chocolate Ice Cream",189,Veg,Yes,,,
ctl_776160889,Royal Combos,Mini Royal Treat,Mini Pancake 4 Pcs + Waffle Candy + Cold Coffee,149,Veg,Yes,,,
ctl_782849613,Royal Combos,Biscoff Lover Combo,Biscoff Royal Waffle+Biscoff Bliss Shake,329,Veg,Yes,,,
ctl_782849614,Royal Combos,Castle Celebration Box,"Single Layer Waffle Cake+Waffle [Pack of 4, Mini]",499,Veg,Yes,,,
ctl_782849615,Royal Combos,Kunafa Royal Combo,Royal Kunafa Crunch+Any Shakes of your Choise,299,Veg,Yes,,,
ctl_782849617,Royal Combos,Sugar Rush For Two,Rainbow Gems Crunch+Royal Kunafa Crunch+2 Shake of your Choise,549,Veg,Yes,,,
ctl_782849643,Royal Combos,5 Waffles Combo,Pick any 5 Signature Waffles,599,Veg,Yes,,599,
ctl_776160885,Waffle Cakes,Creamy Crunchy Cookie,"A waffle cake layered with creamy filling and crunchy cookie bits.,Double the delight with two layers of creamy cookies and crunch.",0,Veg,Yes,https://b.zmtcdn.com/data/dish_photos/2a6/0ecf624606a3f32e18a99da9f2b862a6.jpeg,Layers,Single:299|Double:499
ctl_776160886,Waffle Cakes,Death By Chocolate,A chocolate lover,0,Veg,Yes,https://b.zmtcdn.com/data/dish_photos/7b4/03ce5cf375558f781af0bba93a4b77b4.jpeg,Layers,Single:299|Double:499
ctl_776160887,Waffle Cakes,Red Velvet Fantasy,"Vibrant red velvet cake layers paired with a luscious cream topping.,A sophisticated double layered red velvet cake for ultimate indulgence.",0,Veg,Yes,https://b.zmtcdn.com/data/dish_photos/e67/cbd59698449bc69d2b76cdfa3faa8e67.jpeg,Layers,Single:299|Double:499
ctl_776160888,Waffle Cakes,Strawberry Bliss,Sweet strawberries and whipped cream over a single waffle cake layer. A double layered treat with strawberries and velvety cream.,0,Veg,Yes,https://b.zmtcdn.com/data/dish_photos/18f/07056f59409987f38e5aaed239a7f18f.jpeg,Layers,Single:299|Double:499
ctl_782849644,Fizzy Expresso,Exspresso Mojito,"Coffee shot, Limca, Ice",119,Veg,Yes,,,
ctl_782849645,Fizzy Expresso,Orange Expresso Fizz,"Coffee shot, Fanta, Ice",119,Veg,Yes,,,
ctl_782849646,Fizzy Expresso,Strawberry Espresso Bliss,"Coffee shot, Strawberry Filling, Limca, Ice",139,Veg,Yes,,,
ctl_782849647,Fizzy Expresso,Blueberry Espresso Bliss,"Coffee shot, Blueberry Filling, Limca, Ice",139,Veg,Yes,,,
ctl_782849648,Creamy Coffee,Biscoff Velvet,"Biscoff spread, Coffee shot, Milk, Whip cream & Biscoff Biscuit",179,Veg,Yes,,,
ctl_782849649,Creamy Coffee,Hazelnut Dream,"Hazelnut spread, Coffee shot, Milk, Whip cream & Choco chips",159,Veg,Yes,,,
ctl_782849650,Creamy Coffee,Belgian Choco Cloud,"Belgian spread, Coffee shot, Milk, Whip cream &  Choco chips",149,Veg,Yes,,,
ctl_782849651,Creamy Coffee,Mocha Royal,"Coffee mocha spread, Coffee shot, Milk, Whip cream & Choco chips",149,Veg,Yes,,,
ctl_782849653,Castle Crown,Crunchy KitKat Crown,"Vanilla Base, Milk choco spread, Vanila Ice Cream, Choco chips, Sprinkles, Kitkat sticks",149,Veg,Yes,,,
ctl_782849654,Castle Crown,Dark Oreo Crown,"Vanilla Base, Belgian choco spread, Vanila Ice Cream, Choco chips, Sprinkles, Oreo",129,Veg,Yes,,,
ctl_782849655,Castle Crown,Biscoff Gold Crown,"Vanilla Base, Biscoff spread,  Vanila Ice Cream, White choco chips,  Sprinkles, Biscoff biscuit",159,Veg,Yes,,,
ctl_782849637,Add-ons,Extra Flavor Filling,,29,Veg,Yes,,,
ctl_782849638,Add-ons,Dark Choco Chips,,7,Veg,Yes,,,
ctl_782849639,Add-ons,Milk Choco Chips,,7,Veg,Yes,,,
ctl_782849640,Add-ons,White Choco Chips,,9,Veg,Yes,,,
ctl_782849641,Add-ons,Vanilla Ice Cream,,25,Veg,Yes,,,
ctl_782849642,Add-ons,Choolate Ice Cream,,35,Veg,Yes,,,
